DROP DATABASE IF EXISTS assignment2;

CREATE DATABASE assignment2;

\c assignment2;


CREATE TABLE student(sid integer,
                    sname text,
                    city text,
                    primary key (sid));
CREATE TABLE Company(cname text,
                     headquarter text,
                     primary key (cname));
CREATE TABLE Skill(skill text,
                   primary key (skill));
CREATE TABLE worksFor(sid integer,
                      cname text,
                      salary integer,
                      primary key (sid),
                      foreign key (sid) references student (sid),
                      foreign key (cname) references Company(cname));
CREATE TABLE companyLocation(cname text,
                             city text,
                             primary key (cname, city),
                             foreign key (cname) references Company (cname));
CREATE TABLE studentSkill(sid integer,
                         skill text,
                         primary key (sid, skill),
                         foreign key (sid) references student (sid) on delete cascade,
                         foreign key (skill) references Skill (skill) on delete cascade);
CREATE TABLE hasManager(eid integer,
                        mid integer,
                        primary key (eid, mid),
                        foreign key (eid) references student (sid),
                        foreign key (mid) references student (sid));
CREATE TABLE Knows(sid1 integer,
                   sid2 integer,
                   primary key(sid1, sid2),
                   foreign key (sid1) references student (sid),
                   foreign key (sid2) references student (sid));

INSERT INTO student VALUES
     (1001,'Jean','Cupertino'),
     (1002,'Vidya', 'Cupertino'),
     (1003,'Anna', 'Seattle'),
     (1004,'Qin', 'Seattle'),
     (1005,'Megan', 'MountainView'),
     (1006,'Ryan', 'Chicago'),
     (1007,'Danielle','LosGatos'),
     (1008,'Emma', 'Bloomington'),
     (1009,'Hasan', 'Bloomington'),
     (1010,'Linda', 'Chicago'),
     (1011,'Nick', 'MountainView'),
     (1012,'Eric', 'Cupertino'),
     (1013,'Lisa', 'Indianapolis'), 
     (1014,'Deepa', 'Bloomington'), 
     (1015,'Chris', 'Denver'),
     (1016,'YinYue', 'Chicago'),
     (1017,'Latha', 'LosGatos'),
     (1018,'Arif', 'Bloomington'),
     (1019,'John', 'NewYork');

INSERT INTO Company VALUES
     ('Apple', 'Cupertino'),
     ('Amazon', 'Seattle'),
     ('Google', 'MountainView'),
     ('Netflix', 'LosGatos'),
     ('Microsoft', 'Redmond'),
     ('IBM', 'NewYork'),
     ('ACM', 'NewYork'),
     ('Yahoo', 'Sunnyvale');


INSERT INTO worksFor VALUES
     (1001,'Apple', 65000),
     (1002,'Apple', 45000),
     (1003,'Amazon', 55000),
     (1004,'Amazon', 55000),
     (1005,'Google', 60000),
     (1006,'Amazon', 55000),
     (1007,'Netflix', 50000),
     (1008,'Amazon', 50000),
     (1009,'Apple',60000),
     (1010,'Amazon', 55000),
     (1011,'Google', 70000), 
     (1012,'Apple', 50000),
     (1013,'Yahoo', 55000),
     (1014,'Apple', 50000), 
     (1015,'Amazon', 60000),
     (1016,'Amazon', 55000),
     (1017,'Netflix', 60000),
     (1018,'Apple', 50000),
     (1019,'Microsoft', 50000);

INSERT INTO companyLocation VALUES
   ('Apple', 'Bloomington'),
   ('Amazon', 'Chicago'),
   ('Amazon', 'Denver'),
   ('Amazon', 'Columbus'),
   ('Google', 'NewYork'),
   ('Netflix', 'Indianapolis'),
   ('Netflix', 'Chicago'),
   ('Microsoft', 'Bloomington'),
   ('Apple', 'Cupertino'),
   ('Amazon', 'Seattle'),
   ('Google', 'MountainView'),
   ('Netflix', 'LosGatos'),
   ('Microsoft', 'Redmond'),
   ('IBM', 'NewYork'),
   ('Yahoo', 'Sunnyvale');

INSERT INTO Skill VALUES
   ('Programming'),
   ('AI'),
   ('Networks'),
   ('OperatingSystems'),
   ('Databases'),
   ('WebDevelopment');

INSERT INTO studentSkill VALUES
 (1001,'Programming'),
 (1001,'AI'),
 (1002,'Programming'),
 (1002,'AI'),
 (1004,'AI'),
 (1004,'Programming'),
 (1005,'AI'),
 (1005,'Programming'),
 (1005,'Networks'),
 (1006,'Programming'),
 (1006,'OperatingSystems'),
 (1007,'OperatingSystems'),
 (1007,'Programming'),
 (1009,'OperatingSystems'),
 (1009,'Networks'),
 (1010,'Networks'),
 (1011,'Networks'),
 (1011,'OperatingSystems'),
 (1011,'AI'),
 (1011,'Programming'),
 (1012,'AI'),
 (1012,'OperatingSystems'),
 (1012,'Programming'),
 (1013,'Programming'),
 (1013,'OperatingSystems'),
 (1013,'Networks'),
 (1014,'OperatingSystems'),
 (1014,'AI'),
 (1014,'Networks'),
 (1015,'Programming'),
 (1015,'AI'),
 (1016,'OperatingSystems'),
 (1016,'AI'),
 (1017,'Programming'),
 (1018,'AI'),
 (1019,'Networks'),
 (1003,'WebDevelopment');

INSERT INTO hasManager VALUES
 (1004, 1003),
 (1006, 1003),
 (1015, 1003),
 (1016, 1004),
 (1016, 1006),
 (1008, 1015),
 (1010, 1008),
 (1007, 1017),
 (1002, 1001),
 (1009, 1001),
 (1014, 1012),
 (1011, 1005);

TRUNCATE TABLE Knows;

INSERT INTO Knows VALUES
 (1011,1009),
 (1007,1016),
 (1011,1010),
 (1003,1004),
 (1006,1004),
 (1002,1014),
 (1009,1005),
 (1018,1009),
 (1007,1017),
 (1017,1019),
 (1019,1013),
 (1016,1015),
 (1001,1012),
 (1015,1011),
 (1019,1006),
 (1013,1002),
 (1018,1004),
 (1013,1007),
 (1014,1006),
 (1004,1014),
 (1001,1014),
 (1010,1013),
 (1010,1014),
 (1004,1019),
 (1018,1007),
 (1014,1005),
 (1015,1018),
 (1014,1017),
 (1013,1018),
 (1007,1008),
 (1005,1015),
 (1017,1014),
 (1015,1002),
 (1018,1013),
 (1018,1010),
 (1001,1008),
 (1012,1011),
 (1002,1015),
 (1007,1013),
 (1008,1007),
 (1004,1002),
 (1015,1005),
 (1009,1013),
 (1004,1012),
 (1002,1011),
 (1004,1013),
 (1008,1001),
 (1008,1019),
 (1019,1008),
 (1001,1019),
 (1019,1001),
 (1004,1003),
 (1006,1003),
 (1015,1003),
 (1016,1004),
 (1016,1006),
 (1008,1015),
 (1010,1008),
 (1017,1013),
 (1002,1001),
 (1009,1001),
 (1011,1005),
 (1014,1012),
 (1012,1001),
 (1014,1001),
 (1018,1001),
 (1001,1001),
 (1002,1002),
 (1003,1003),
 (1004,1004),
 (1005,1005),
 (1006,1006),
 (1007,1007),
 (1008,1008),
 (1009,1009),
 (1010,1010),
 (1011,1011),
 (1012,1012),
 (1013,1013),
 (1014,1014),
 (1015,1015),
 (1016,1016),
 (1017,1017),
 (1018,1018),
 (1019,1019);


create table PC(parent integer,
               child integer);
insert into PC values
(1,2),
(1,3),
(1,4),
(2,5),
(2,6),
(3,7),
(5,8),
(8,9),
(8,10),
(8,11),
(7,12),
(7,13),
(12,14),
(14,15);


-- Find each triple (c, s, sl) where c is the
-- cname of a company, s is the sid of a student who earns the low-
-- est salary at that company and knows at least someone who has
-- Operating Systems skill, and sl is the salary of s.

\qecho 'Problem-1a'
--Formulate this query in Pure SQL by only using the
--EXISTS or NOT EXISTS set predicates. You can not use the set operations INTERSECT, UNION, and EXCEPT.

\qecho 'Problem-1b'
--Formulate this query in Pure SQL by only using the IN, NOT IN, SOME, or ALL set membership predicates.
--You can not use the set operations INTERSECT, UNION, and EXCEPT.


\qecho 'Problem-1c'
--Formulate this query in Pure SQL by only using the set operations INTERSECT, UNION, and EXCEPT.



-- Find the name, salary and city of each student who (a) lives in a city where no one has the Networks skill
-- and (b) earns the highest salary in his/her company.

\qecho 'Problem-2a'
--Formulate this query in Pure SQL by only using the
--EXISTS or NOT EXISTS set predicates. You can not use the set operations INTERSECT, UNION, and EXCEPT.

\qecho 'Problem-2b'
--Formulate this query in Pure SQL by only using the IN, NOT IN, SOME, or ALL set membership predicates.
--You can not use the set operations INTERSECT, UNION, and EXCEPT.

\qecho 'Problem-2c'
--Formulate this query in Pure SQL by only using the set operations INTERSECT, UNION, and EXCEPT.



--Find each pair (c1, c2) of cnames of different companies such that
--no employee of c1 and no employee of c2 live in Chicago.

\qecho 'Problem-3a'
--Formulate this query in Pure SQL by only using the
--EXISTS or NOT EXISTS set predicates. You can not use the set operations INTERSECT, UNION, and EXCEPT.

\qecho 'Problem-3b'
--Formulate this query in Pure SQL by only using the IN, NOT IN, SOME, or ALL set membership predicates.
--You can not use the set operations INTERSECT, UNION, and EXCEPT.

\qecho 'Problem-3c'
--Formulate this query in Pure SQL by only using the set operations INTERSECT, UNION, and EXCEPT.




--Reconsider Problem 1. Formulate this query in RA SQL
\qecho 'Problem-4b'

--Reconsider Problem 2. Formulate this query in RA SQL
\qecho 'Problem-5b'

--Reconsider Problem 3. Formulate this query in RA SQL
\qecho 'Problem-6b'




\qecho 'Problem 10'




\qecho 'Problem 11'




\qecho 'Problem 12'



-- Connect to default database
\c postgres

-- Drop database created for this assignment
DROP DATABASE assignment2;

